Nom;Description
PDT 41.23 Etagère Livraison / Collecte / Destruction;Retrait et Collecte - Flux PDT
PDT 41.26 Etagère Livraison / Collecte / Destruction;Retrait et Collecte - Flux PDT
PDT STOCK SB Etagère Livraison / Collecte / Destruction;Retrait et Collecte - Flux PDT
PDT BHT N1 SAS MAINTENANCE Etagère Livraison / Collecte / Destruction;Retrait et Collecte - Flux PDT
PDT BHT BASEMENT 14L Etagère Livraison / Collecte / Destruction;Retrait et Collecte - Flux PDT
SI Etagère Entrée 200mm;Retrait - Flux Silicium
SI Etagère Entrée 300mm;Retrait - Flux Silicium
SI Etagère mise en stock;Collecte - Flux Silicium
SI BHT Etagère entrée 200;Retrait - Flux Silicium
SI Bureau Planning;Retrait et Collecte - Flux Silicium
SI LABO 4006;Retrait et Collecte - Flux Silicium
SI Etagère Marquage;Retrait - Flux Silicium
SI GARE LBB BHT;Retrait - Flux Silicium
CSP 4017 ;Retrait - Flux CSP
CSP Stock Slurry;Retrait - Flux CSP
CSP Ensacheuse;Retrait - Flux CSP
GT STOCK 3303;GT
GT STOCK RIVES;GT
GT AUVENT;GT
GT STOCK M26;GT
GT STOCK PDT 4017;GT
GT KIT GRAVURE PLOT F8;GT
GT STOCK POMPE;GT
GT STOCK SHILLER;GT
GT BHT SAS RECYCLAGE;GT
GT SAS 4 4107 RECYCLAGE;GT
GT ETAGERE RECYCLAGE;GT
GT SAS 4101 BASEMENT E16;GT
GT SAS 4102 BASEMENT B21;GT
GT SAS BHT N1;GT
GT SAS BHT N1 B5;GT
GT SAS BHT N3;GT
GT SAS BHT BASEMENT 14L;GT
GT SAS BOC / BCA C148;GT
GT SAS BAT41.07 N0 SAS 2;GT
GT SAS PFP RDC C1425;GT
GT SAS PFP N1 C2215;GT
